instance_count,machine_type,slots,memory,data_size_MB,line_length,lines,gross_runtime
8,wehjznvgxx0,64,270239.0,19260,100,200000000,229.0
6,ealepxjgnn1,48,197004.0,19260,100,200000000,263.0
10,dlhdydzejy2,80,150062.0,15408,100,160000000,222.0
8,yrcvvyxnkp3,64,249688.0,15408,100,160000000,221.0
6,ffggbixlkv4,48,83046.0,11556,100,120000000,159.0
10,fjvrzscika5,80,325013.0,13482,100,140000000,213.0
10,blcrlpfxrf6,80,162811.0,11556,100,120000000,168.0
2,lczizlhzmw7,16,40646.0,9530,1000,10000000,388.0
2,uazwbvtolt8,16,46729.0,17334,100,180000000,635.0
10,jrecgvfsqg9,80,612077.0,19260,100,200000000,158.0
6,ppgjnzubqo10,48,202275.0,17334,100,180000000,297.0
4,vbhttouvod11,32,117915.0,9630,100,100000000,197.0
8,izrijwbdad12,64,496193.0,17334,100,180000000,195.0
2,mwuihoqnfs13,16,56529.0,11556,100,120000000,449.0
10,ngfmwbeoof14,80,613305.0,9530,1000,10000000,104.0
6,mlgildrpqm15,48,354693.0,13482,100,140000000,136.0
4,pprljbwgxf16,32,272532.0,9530,1000,10000000,102.0
12,ldrrqytrva17,96,415496.0,19260,100,200000000,321.0
6,srpeemboaq18,48,198839.0,17334,100,180000000,282.0
2,cluirwtsci19,16,61666.0,9530,1000,10000000,367.0
2,xwzjnypoyi20,16,40886.0,17334,100,180000000,747.0
4,wqgzzyrsfb21,32,125817.0,13482,100,140000000,299.0
6,jnobyfyyrh22,48,96649.0,11556,100,120000000,189.0
2,fgloyixfcu23,16,124208.0,15408,100,160000000,292.0
10,yppijsipfg24,80,327372.0,9530,1000,10000000,134.0
4,qfmwveownr25,32,244135.0,15408,100,160000000,230.0
10,pqiznvqcjj26,80,606839.0,13482,100,140000000,119.0
2,kgdyyoverz27,16,51442.0,13482,100,140000000,540.0
10,nukmxkrhyw28,80,342847.0,15408,100,160000000,223.0
10,hvzzsgxbie29,80,169228.0,11556,100,120000000,185.0
10,zqtoyvzizp30,80,152043.0,9630,100,100000000,141.0
6,paytvxlswc31,48,200772.0,17334,100,180000000,277.0
4,zitawevhyo32,32,39143.0,9530,1000,10000000,178.0
6,jdkwyweuum33,48,198656.0,13482,100,140000000,228.0
10,tpuoexodzs34,80,610859.0,11556,100,120000000,94.0
8,xgkuomsyiw35,64,241093.0,15408,100,160000000,205.0
8,yisynsusop36,64,265862.0,15408,100,160000000,229.0
12,jnsljipbzn37,96,394999.0,15408,100,160000000,213.0
2,wazajastzt38,16,58952.0,13482,100,140000000,525.0
8,dzaesdzioz39,64,123652.0,19260,100,200000000,255.0
10,gexduwysab40,80,135340.0,11556,100,120000000,183.0
10,wjpssipqvo41,80,152625.0,11556,100,120000000,160.0
10,smppshxovh42,80,165753.0,19260,100,200000000,231.0
12,ozsepbgbwm43,96,705461.0,9530,1000,10000000,93.0
8,jxxhpojjey44,64,111615.0,11556,100,120000000,268.0
8,tdvfkgwjwi45,64,130754.0,17334,100,180000000,258.0
12,kvszlajyek46,96,703606.0,13482,100,140000000,137.0
12,bccwqngjzm47,96,716820.0,19260,100,200000000,137.0
8,tjcwgjyvxe48,64,494675.0,19260,100,200000000,171.0
12,xhrijuybpr49,96,414961.0,11556,100,120000000,180.0
8,fhnccgysen50,64,128392.0,11556,100,120000000,201.0
12,mvnnrkicyc51,96,186124.0,13482,100,140000000,187.0
2,jfgmfltggx52,16,32824.0,19260,100,200000000,718.0
12,bkosyjwict53,96,392234.0,9530,1000,10000000,149.0
8,sdikatwvyk54,64,118029.0,9630,100,100000000,148.0
8,jsqklxvwxn55,64,519042.0,13482,100,140000000,115.0
12,zooaijawxe56,96,174228.0,17334,100,180000000,209.0
12,nvpibombyi57,96,716249.0,19260,100,200000000,141.0
4,edpgpzosfh58,32,54800.0,9630,100,100000000,169.0
6,jzlzrbxntu59,48,365115.0,15408,100,160000000,132.0
8,nhptzttclv60,64,269188.0,9530,1000,10000000,144.0
10,ezzszuaxkr61,80,154264.0,9630,100,100000000,140.0
10,lymvsifffr62,80,169131.0,15408,100,160000000,229.0
10,kpauptutny63,80,612772.0,15408,100,160000000,118.0
12,ksjmniwxcd64,96,717525.0,15408,100,160000000,148.0
12,gorjruxjho65,96,396619.0,11556,100,120000000,188.0
6,vacrsdezwp66,48,191330.0,19260,100,200000000,335.0
10,ibfrodazqf67,80,148810.0,9630,100,100000000,149.0
4,eytqymxvnm68,32,120405.0,17334,100,180000000,320.0
10,wxxxwsyzmm69,80,601791.0,15408,100,160000000,147.0
2,golnapqizb70,16,36648.0,19260,100,200000000,738.0
8,jllxkvynbm71,64,247154.0,9630,100,100000000,176.0
2,jndcfxklvl72,16,51508.0,19260,100,200000000,711.0
12,cglobkeozx73,96,404049.0,15408,100,160000000,192.0
12,njyhmdhhuy74,96,187126.0,15408,100,160000000,231.0
4,ybsqjonkbg75,32,243753.0,9530,1000,10000000,82.0
6,igivryrxpl76,48,91692.0,9630,100,100000000,182.0
8,oysyxcfoxp77,64,130975.0,9630,100,100000000,127.0
12,zhsygwurci78,96,729311.0,17334,100,180000000,182.0
12,atgfzdgukb79,96,726470.0,15408,100,160000000,137.0
6,hzvnflwzxw80,48,96626.0,11556,100,120000000,167.0
12,vejaufjrpv81,96,413400.0,11556,100,120000000,186.0
12,tvhqlzyggl82,96,715875.0,9630,100,100000000,74.0
6,rmvujhxwae83,48,78834.0,17334,100,180000000,249.0
6,stnkgltjgf84,48,89855.0,13482,100,140000000,224.0
12,lfpzsprpfh85,96,390675.0,9630,100,100000000,117.0
10,meqthavesk86,80,620088.0,19260,100,200000000,219.0
12,vhuckxfmma87,96,410817.0,9530,1000,10000000,125.0
10,jadvdvwkfo88,80,342216.0,15408,100,160000000,192.0
2,vvbwmuhkkr89,16,50702.0,11556,100,120000000,448.0
10,mbovsogbwd90,80,168637.0,13482,100,140000000,172.0
6,gwquvjorbd91,48,85447.0,15408,100,160000000,232.0
4,mysaffrivt92,32,256415.0,11556,100,120000000,134.0
10,zinvicnfrs93,80,333975.0,17334,100,180000000,245.0
12,bgyljmcith94,96,205369.0,13482,100,140000000,152.0
12,zrpgbciboy95,96,729085.0,15408,100,160000000,119.0
6,dfnahpckud96,48,92946.0,13482,100,140000000,195.0
10,gptnbiwewb97,80,594491.0,11556,100,120000000,93.0
4,qocbscpvfs98,32,121709.0,17334,100,180000000,312.0
4,cvtffrfeql99,32,257674.0,9530,1000,10000000,109.0
8,bktirlcdkx100,64,262718.0,15408,100,160000000,264.0
4,csdqngffrg101,32,270262.0,9630,100,100000000,149.0
8,niqgocvbtx102,64,108731.0,11556,100,120000000,243.0
2,nxhzzizmzg103,16,55675.0,15408,100,160000000,664.0
10,uchlmqxtzd104,80,595711.0,15408,100,160000000,151.0
6,pszpkxvirn105,48,178138.0,11556,100,120000000,221.0
8,cemqmpbdos106,64,268490.0,15408,100,160000000,202.0
4,vbjriouzhx107,32,252272.0,13482,100,140000000,218.0
12,fygbkcrgkj108,96,725539.0,19260,100,200000000,135.0
2,negtnofqsc109,16,33531.0,15408,100,160000000,604.0
6,mrdbbsgjnx110,48,351037.0,9530,1000,10000000,164.0
4,jdnnrkzqgz111,32,54488.0,17334,100,180000000,313.0
8,zoalpbyfpi112,64,101788.0,11556,100,120000000,236.0
10,fqdqhehgse113,80,330943.0,9530,1000,10000000,157.0
2,pzlhxondht114,16,132142.0,13482,100,140000000,290.0
8,rijiqmyjif115,64,505050.0,19260,100,200000000,177.0
2,zteoyxttxz116,16,124089.0,17334,100,180000000,380.0
12,hdhdqfkqgl117,96,381937.0,15408,100,160000000,193.0
4,sdyrsupjgc118,32,52288.0,19260,100,200000000,383.0
12,xthdttnhof119,96,402282.0,17334,100,180000000,233.0
10,toxicrkkny120,80,331016.0,19260,100,200000000,253.0
10,agflxkarig121,80,324531.0,13482,100,140000000,221.0
2,poycziwmqs122,16,42992.0,15408,100,160000000,613.0
2,tkwyyqijmv123,16,134616.0,9530,1000,10000000,229.0
4,orqexshbfn124,32,241877.0,9630,100,100000000,165.0
6,vmdosnyxxp125,48,171159.0,15408,100,160000000,214.0
8,kpqkewakii126,64,520032.0,9530,1000,10000000,75.0
6,nkyyswbjgd127,48,71593.0,9630,100,100000000,174.0
12,zncwpqsosr128,96,174749.0,19260,100,200000000,263.0
12,yvaxrljdqt129,96,388391.0,11556,100,120000000,159.0
8,jtdaqjkioz130,64,268706.0,15408,100,160000000,201.0
6,fpyubuyghm131,48,378788.0,17334,100,180000000,179.0
10,kitbsgqofb132,80,592400.0,17334,100,180000000,122.0
10,eglokulhwk133,80,325739.0,9530,1000,10000000,162.0
2,fuocugkmsy134,16,103763.0,11556,100,120000000,228.0
4,edmpdqpthk135,32,109323.0,15408,100,160000000,231.0
6,deqrmmfqkj136,48,178151.0,17334,100,180000000,197.0
4,ophgwksxqu137,32,122907.0,9530,1000,10000000,227.0
10,ygkrmyzwlg138,80,323095.0,15408,100,160000000,213.0
4,krvbhvwnhk139,32,36329.0,9530,1000,10000000,153.0
2,vaojyskliy140,16,117878.0,19260,100,200000000,373.0
6,msfstczelt141,48,171782.0,11556,100,120000000,177.0
6,xuzvvcnpzk142,48,68642.0,9630,100,100000000,153.0
4,mautcmxbgn143,32,134887.0,17334,100,180000000,380.0
2,yrvrhtssnw144,16,107197.0,15408,100,160000000,303.0
4,mkdclyistx145,32,112785.0,19260,100,200000000,234.0
6,uapaogkmpo146,48,371579.0,13482,100,140000000,137.0
10,nnogtoalzp147,80,340225.0,19260,100,200000000,447.0
4,eqnljbogde148,32,62239.0,13482,100,140000000,240.0
2,wlddnowlsk149,16,35947.0,19260,100,200000000,845.0
8,gaabivbpos150,64,123810.0,9530,1000,10000000,118.0
2,dvdykehocl151,16,63926.0,9530,1000,10000000,363.0
6,hoietkzfdx152,48,347938.0,15408,100,160000000,138.0
12,rwodiikvog153,96,194135.0,15408,100,160000000,210.0
6,ougqrsmtcx154,48,375574.0,11556,100,120000000,134.0
4,yglssjplof155,32,112215.0,17334,100,180000000,332.0
6,qsrilyntyp156,48,179199.0,17334,100,180000000,303.0
10,ptsgquwifi157,80,156247.0,15408,100,160000000,205.0
6,qmwixqkoje158,48,361425.0,17334,100,180000000,184.0
12,eahmowgulr159,96,703036.0,9530,1000,10000000,75.0
2,enjucrdmpi160,16,116754.0,19260,100,200000000,248.0
10,omnubznhck161,80,325188.0,11556,100,120000000,165.0
6,eztcykueyo162,48,190376.0,15408,100,160000000,249.0
2,gxcwduwpzy163,16,47852.0,19260,100,200000000,383.0
2,yjfnnbzgni164,16,40932.0,17334,100,180000000,688.0
2,iehxlercyq165,16,112736.0,19260,100,200000000,389.0
10,onyajlzpxj166,80,621002.0,11556,100,120000000,106.0
12,dlhrkqcctu167,96,389808.0,13482,100,140000000,156.0
10,jluueewgvy168,80,330477.0,17334,100,180000000,243.0
12,igbrftrdxz169,96,170837.0,9630,100,100000000,113.0
10,fcaolmxfgp170,80,336829.0,13482,100,140000000,220.0
6,zshkhygold171,48,357691.0,9630,100,100000000,73.0
6,bmspgmcwza172,48,347504.0,13482,100,140000000,147.0
8,hkdqshpujq173,64,496159.0,9630,100,100000000,80.0
6,ecalyfkzda174,48,73529.0,17334,100,180000000,287.0
4,jzeyyebalc175,32,274055.0,9630,100,100000000,114.0
10,qdbammddzw176,80,603963.0,19260,100,200000000,164.0
2,vfhaewsngh177,16,40105.0,11556,100,120000000,445.0
10,dwmqcbeopx178,80,323408.0,17334,100,180000000,233.0
8,ptvititczg179,64,519536.0,9530,1000,10000000,102.0
10,sofkdbgvyo180,80,157545.0,9630,100,100000000,140.0
10,kxoswcxhqd181,80,332600.0,15408,100,160000000,205.0
12,rifxbnpfwv182,96,722018.0,17334,100,180000000,224.0
6,hkvttdrmpg183,48,359519.0,11556,100,120000000,115.0
2,gocvdttbhj184,16,44546.0,13482,100,140000000,471.0
10,xvaqvhztsz185,80,333644.0,13482,100,140000000,205.0
10,jihmsknmag186,80,135354.0,17334,100,180000000,227.0
4,ciyovumaik187,32,106950.0,9630,100,100000000,221.0
4,ufkwwvespu188,32,41737.0,13482,100,140000000,257.0
6,yfyzsscrpt189,48,354304.0,9530,1000,10000000,174.0
12,dwqrooifel190,96,719273.0,17334,100,180000000,183.0
4,ffoejoqyvz191,32,253891.0,13482,100,140000000,128.0
6,jquandcknq192,48,376627.0,11556,100,120000000,113.0
2,cgqvyugrtu193,16,49942.0,13482,100,140000000,541.0
8,ssftrbpqni194,64,114746.0,17334,100,180000000,238.0
4,kftegygtrl195,32,254720.0,11556,100,120000000,167.0
8,zakvbaapac196,64,124834.0,9630,100,100000000,126.0
12,hbrbdkuttj197,96,711580.0,13482,100,140000000,117.0
4,fpclrrepzb198,32,263843.0,9530,1000,10000000,86.0
4,adycgacowc199,32,31642.0,9530,1000,10000000,158.0
4,myreadxfxd200,32,45632.0,9530,1000,10000000,176.0
8,hgjqyttujb201,64,109299.0,11556,100,120000000,257.0
10,uhavnebhdk202,80,140835.0,11556,100,120000000,152.0
10,ulvqkaiinu203,80,610118.0,9530,1000,10000000,130.0
8,edccfsvjjq204,64,503403.0,9530,1000,10000000,94.0
10,kdhxbzuhwh205,80,611305.0,11556,100,120000000,107.0
6,pcopomtxtm206,48,91618.0,15408,100,160000000,250.0
6,mwcoeovvqs207,48,376924.0,17334,100,180000000,155.0
10,arrkjembbp208,80,328160.0,13482,100,140000000,193.0
4,ciqnvlzrsp209,32,111153.0,17334,100,180000000,384.0
2,zgfkjcyxgu210,16,46388.0,17334,100,180000000,778.0
12,ugfrfvqmwu211,96,409398.0,9630,100,100000000,146.0
10,sphehrqlgb212,80,341513.0,19260,100,200000000,241.0
10,solqxgtdrr213,80,620116.0,17334,100,180000000,137.0
8,esrcdrrtos214,64,492899.0,11556,100,120000000,76.0
8,hkiiycovof215,64,275680.0,17334,100,180000000,264.0
12,eehwvzeomn216,96,403221.0,11556,100,120000000,165.0
8,dnidjhyskr217,64,489230.0,19260,100,200000000,189.0
6,dlklzttvde218,48,90567.0,13482,100,140000000,210.0
12,uvjrmhnrnb219,96,415637.0,19260,100,200000000,312.0
10,wvlujlhpfv220,80,149404.0,15408,100,160000000,227.0
2,zygjjbmbyh221,16,53816.0,9530,1000,10000000,375.0
12,nedldjdgpw222,96,707998.0,13482,100,140000000,123.0
6,xrgzgrhvlz223,48,72595.0,17334,100,180000000,272.0
10,ihmnkjmkef224,80,160478.0,9630,100,100000000,127.0
2,afzzjlgyek225,16,30083.0,15408,100,160000000,594.0
10,zvpazcolbb226,80,164178.0,19260,100,200000000,253.0
8,ihywzivber227,64,504845.0,13482,100,140000000,118.0
2,dmsxqzpybt228,16,33432.0,13482,100,140000000,516.0
12,ukjnjbkjks229,96,385174.0,19260,100,200000000,267.0
12,macfqokegm230,96,719689.0,13482,100,140000000,137.0
12,xvexibpnls231,96,727565.0,15408,100,160000000,121.0
12,jqidnhmjgi232,96,390827.0,17334,100,180000000,226.0
10,rfczkdmkmy233,80,625946.0,11556,100,120000000,97.0
12,zondjsuvhf234,96,384516.0,9530,1000,10000000,149.0
4,nxuorycoey235,32,59973.0,9530,1000,10000000,171.0
4,vcrbkczvre236,32,43924.0,9530,1000,10000000,187.0
8,oaelyakeoa237,64,489155.0,17334,100,180000000,178.0
10,qcrdzinjrv238,80,144942.0,9630,100,100000000,113.0
12,fvfuvvmwld239,96,396900.0,15408,100,160000000,201.0
2,inkyebzyoe240,16,57811.0,9530,1000,10000000,361.0
12,gskpihambq241,96,411234.0,9530,1000,10000000,118.0
8,blhllcuaze242,64,245283.0,19260,100,200000000,201.0
6,bacqyyxvzn243,48,83382.0,9530,1000,10000000,121.0
6,qtfmclrcyw244,48,87942.0,15408,100,160000000,266.0
10,cfxitgyyex245,80,147482.0,11556,100,120000000,170.0
8,yuhjmwsprb246,64,271202.0,19260,100,200000000,226.0
12,xornnzcnbr247,96,180172.0,9530,1000,10000000,117.0
12,yyrzvlvqpn248,96,697552.0,13482,100,140000000,134.0
8,ukegiqdoto249,64,242027.0,17334,100,180000000,152.0
10,ddbjftcsoh250,80,615503.0,19260,100,200000000,188.0
8,bknkjocuqf251,64,260198.0,17334,100,180000000,469.0
8,kgmmugplww252,64,133422.0,15408,100,160000000,286.0
10,wrcpywtlnj253,80,343739.0,17334,100,180000000,263.0
4,khqfsvhvaa254,32,61936.0,19260,100,200000000,390.0
4,cslfgejhsm255,32,242074.0,11556,100,120000000,112.0
4,nnzhcpjnul256,32,56295.0,11556,100,120000000,224.0
6,yppvlxgwar257,48,195017.0,17334,100,180000000,211.0
2,sklqiicgia258,16,53003.0,15408,100,160000000,629.0
12,eocatheuzd259,96,195404.0,13482,100,140000000,182.0
8,obawrblkys260,64,517985.0,13482,100,140000000,116.0
4,rmcfpxsokv261,32,263069.0,11556,100,120000000,136.0
12,uiftuetbfw262,96,709973.0,9530,1000,10000000,103.0
2,ywfpuxqpmj263,16,48881.0,11556,100,120000000,456.0
6,kedkopacft264,48,72395.0,17334,100,180000000,246.0
4,oaadmzdlhp265,32,120808.0,13482,100,140000000,272.0
4,unpnhoiwoa266,32,240912.0,9530,1000,10000000,169.0
12,oqdqvtvjze267,96,175701.0,11556,100,120000000,227.0
8,lmuxvcguwy268,64,498003.0,9530,1000,10000000,85.0
6,fpoczmejnl269,48,198116.0,9530,1000,10000000,161.0
2,asogeihabu270,16,55219.0,17334,100,180000000,713.0
2,yqiabqxhfb271,16,41873.0,9630,100,100000000,370.0
6,qyjohqkzea272,48,367681.0,17334,100,180000000,173.0
2,qukjserwzt273,16,31446.0,15408,100,160000000,631.0
12,izzldrevpt274,96,702652.0,13482,100,140000000,128.0
2,csjyfxuhcq275,16,64465.0,13482,100,140000000,575.0
2,tvhdfgkcuo276,16,40163.0,13482,100,140000000,547.0
4,wzgabyttfb277,32,43857.0,15408,100,160000000,288.0
8,vieftgzzwf278,64,119452.0,13482,100,140000000,208.0
4,guxzrxnsau279,32,40299.0,9530,1000,10000000,369.0
4,rfgtafrqvj280,32,257380.0,17334,100,180000000,160.0
2,ulcbbhwukm281,16,108614.0,17334,100,180000000,326.0
6,jenxxqixqc282,48,66794.0,13482,100,140000000,217.0
10,nidwxfdyme283,80,597903.0,9530,1000,10000000,88.0
8,udxckerddt284,64,118559.0,9630,100,100000000,174.0
10,sskbhtteol285,80,594087.0,17334,100,180000000,145.0
2,fvfjogogkr286,16,44151.0,17334,100,180000000,747.0
4,nxcwsqxqci287,32,111731.0,11556,100,120000000,187.0
8,vdljptuuwf288,64,114757.0,9630,100,100000000,206.0
10,zhymlpplxk289,80,138789.0,15408,100,160000000,192.0
4,zavxhosnnd290,32,132094.0,11556,100,120000000,176.0
4,brmllcodib291,32,257238.0,13482,100,140000000,131.0
4,ipnwncuixi292,32,59514.0,9530,1000,10000000,320.0
10,tmysqvqgex293,80,625866.0,13482,100,140000000,113.0
10,ndprmlbvyo294,80,147362.0,15408,100,160000000,204.0
10,renkffcuwc295,80,152116.0,9530,1000,10000000,143.0
10,dwmdugrwmi296,80,335356.0,9630,100,100000000,150.0
2,skrbjyzwmn297,16,44971.0,9630,100,100000000,354.0
2,cuaiikvvxr298,16,40597.0,17334,100,180000000,702.0
2,ckkgwxjscx299,16,55790.0,17334,100,180000000,630.0
2,fpzvonlnup300,16,61393.0,9530,1000,10000000,378.0
6,ujiqgiotyq301,48,202681.0,17334,100,180000000,272.0
8,fshallizkg302,64,262599.0,11556,100,120000000,168.0
12,gzjehtfgzq303,96,183583.0,9630,100,100000000,146.0
10,thvygmyrrt304,80,345007.0,9530,1000,10000000,167.0
8,nnamtxljis305,64,508725.0,13482,100,140000000,148.0
10,hxdhpxmpxl306,80,137611.0,9530,1000,10000000,140.0
10,swmqdirlgc307,80,594572.0,11556,100,120000000,96.0
6,ablxbyxscd308,48,91420.0,15408,100,160000000,237.0
12,aojlzxunis309,96,699047.0,11556,100,120000000,86.0
6,qeoxlxbmsh310,48,170676.0,19260,100,200000000,287.0
10,vmjjqsedjc311,80,324623.0,9630,100,100000000,135.0
12,wkmigvffpr312,96,715117.0,9630,100,100000000,112.0
8,ghbhfgoiin313,64,256344.0,9630,100,100000000,123.0
12,yqvvlaoabx314,96,187551.0,15408,100,160000000,251.0
6,wvkypazxhg315,48,366430.0,13482,100,140000000,149.0
8,tijsywlofq316,64,510144.0,19260,100,200000000,165.0
6,ahibampjtz317,48,185249.0,15408,100,160000000,216.0
2,xbqcfzrxms318,16,42928.0,19260,100,200000000,380.0
6,hmngjsrydy319,48,99795.0,15408,100,160000000,256.0
4,ejeqifcwxi320,32,249758.0,13482,100,140000000,142.0
8,nafmskctop321,64,513576.0,15408,100,160000000,119.0
12,rageccnzjy322,96,712036.0,11556,100,120000000,110.0
10,psolkpanok323,80,323384.0,9530,1000,10000000,158.0
8,skxzcndlov324,64,102441.0,9630,100,100000000,135.0
6,uwpbybaarf325,48,376212.0,19260,100,200000000,163.0
12,ujfgrgekco326,96,195040.0,15408,100,160000000,256.0
4,sykusesvdq327,32,131896.0,11556,100,120000000,242.0
6,jrtnbznfjv328,48,80952.0,9530,1000,10000000,169.0
12,ymcjpdamqc329,96,194160.0,11556,100,120000000,178.0
8,ugrwoxdaan330,64,490474.0,13482,100,140000000,122.0
4,waoioirjzb331,32,114168.0,13482,100,140000000,299.0
10,bcpvocqbqh332,80,598874.0,9630,100,100000000,86.0
8,qndekgkmbm333,64,242078.0,17334,100,180000000,236.0
8,tmdnwxxlbj334,64,519573.0,17334,100,180000000,295.0
4,ozkomyoosi335,32,37578.0,15408,100,160000000,277.0
12,woddnyvxhi336,96,175537.0,9630,100,100000000,129.0
6,bekqqobuza337,48,177349.0,9630,100,100000000,167.0
8,dafjvcuxnr338,64,253869.0,13482,100,140000000,194.0
4,kkmgmkbapq339,32,259778.0,11556,100,120000000,140.0
10,pzwtrimmux340,80,316112.0,9530,1000,10000000,178.0
10,mnstllkgwz341,80,626303.0,13482,100,140000000,143.0
10,yemowsphqm342,80,169803.0,13482,100,140000000,173.0
6,yrghjmurfx343,48,351109.0,9630,100,100000000,94.0
6,zivrefzihl344,48,184647.0,19260,100,200000000,277.0
12,xqiubzojze345,96,720766.0,11556,100,120000000,80.0
4,gbuainolfy346,32,131006.0,9630,100,100000000,200.0
10,nkccjabnoh347,80,152689.0,13482,100,140000000,172.0
8,bsxjphdpzi348,64,132388.0,9630,100,100000000,224.0
8,enaonofuel349,64,251918.0,19260,100,200000000,602.0
4,uwjexyqkil350,32,47495.0,11556,100,120000000,226.0
6,bintwuucmr351,48,363402.0,9630,100,100000000,101.0
10,hfipdsxole352,80,158819.0,11556,100,120000000,180.0
4,asfmdvgsyu353,32,37090.0,11556,100,120000000,204.0
8,lklumuvyoa354,64,121603.0,11556,100,120000000,196.0
10,pkvwswjshi355,80,318479.0,19260,100,200000000,269.0
12,nabzwzytyl356,96,708842.0,17334,100,180000000,146.0
4,ajdrfjwqmj357,32,274386.0,9630,100,100000000,128.0
6,vunygxdfgd358,48,377455.0,17334,100,180000000,186.0
2,efzeypbwbh359,16,58716.0,15408,100,160000000,624.0
10,oylfdzaeay360,80,592845.0,13482,100,140000000,125.0
4,gealyturku361,32,105408.0,19260,100,200000000,370.0
8,bdokeqdwfy362,64,249617.0,19260,100,200000000,204.0
4,etwbigikep363,32,268124.0,11556,100,120000000,179.0
2,jgxultuxki364,16,59566.0,19260,100,200000000,386.0
6,inttehgysw365,48,85561.0,9630,100,100000000,190.0
8,qlovotxzmm366,64,265806.0,17334,100,180000000,260.0
6,oclkqjnhvp367,48,93428.0,9530,1000,10000000,164.0
2,iznexnzohg368,16,32329.0,9530,1000,10000000,385.0
10,eiznpaybpk369,80,313771.0,17334,100,180000000,270.0
4,znddksychx370,32,60498.0,13482,100,140000000,245.0
12,ruoeaqgyyd371,96,171783.0,11556,100,120000000,189.0
8,tchyxcsfea372,64,108101.0,13482,100,140000000,251.0
8,rsigwqacka373,64,242026.0,15408,100,160000000,229.0
10,tmchdildwq374,80,135837.0,9530,1000,10000000,151.0
8,vcyezirgdy375,64,515923.0,15408,100,160000000,144.0
6,qttkgdoccc376,48,76704.0,19260,100,200000000,298.0
2,uiqvciltse377,16,35640.0,15408,100,160000000,594.0
6,lpuuadlvzr378,48,351124.0,17334,100,180000000,152.0
8,rkvhupckpq379,64,263629.0,15408,100,160000000,215.0
2,dolfcctzfi380,16,63998.0,19260,100,200000000,378.0
10,bhvecvktmb381,80,328525.0,9530,1000,10000000,189.0
2,wujftrnefg382,16,61628.0,13482,100,140000000,569.0
8,vrojirqenj383,64,258235.0,13482,100,140000000,219.0
4,qcevpfovqs384,32,50143.0,9530,1000,10000000,336.0
2,dkamhqyaxp385,16,124018.0,19260,100,200000000,398.0
2,zlygmjbila386,16,128459.0,15408,100,160000000,296.0
10,nsngslmpvj387,80,618200.0,13482,100,140000000,151.0
10,urfaxommdo388,80,345568.0,15408,100,160000000,196.0
10,oambnmpmxz389,80,337018.0,9530,1000,10000000,179.0
10,kczhyoimbt390,80,623393.0,9630,100,100000000,96.0
6,fxwphgewxa391,48,353134.0,17334,100,180000000,166.0
10,xdhuyswsgl392,80,154093.0,9530,1000,10000000,143.0
2,bghvufsigu393,16,121211.0,17334,100,180000000,311.0
4,zcpasaudtw394,32,269582.0,9530,1000,10000000,107.0
2,pumqhoefhz395,16,46926.0,15408,100,160000000,621.0
10,cyuikblahp396,80,163066.0,11556,100,120000000,170.0
8,ovijakxlug397,64,254239.0,17334,100,180000000,156.0
12,paicqxhkfy398,96,717482.0,9530,1000,10000000,90.0
6,qskovnugeg399,48,375781.0,11556,100,120000000,135.0
8,ighempjrez400,64,268612.0,9530,1000,10000000,161.0
2,nrgsfrtmiu401,16,53060.0,11556,100,120000000,449.0
12,azbmxfqsxu402,96,696908.0,15408,100,160000000,142.0
2,uxbtlyxcnj403,16,36387.0,13482,100,140000000,545.0
2,sgcladsrim404,16,117991.0,19260,100,200000000,372.0
10,kqppcwmqvt405,80,319732.0,9530,1000,10000000,184.0
8,frytdxtgwt406,64,488603.0,19260,100,200000000,154.0
10,rlhjrhtraw407,80,165482.0,9530,1000,10000000,146.0
4,xdurvmyeoq408,32,273697.0,13482,100,140000000,228.0
12,ojqyjyuaps409,96,707528.0,9630,100,100000000,79.0
12,gmmspllthk410,96,711223.0,9630,100,100000000,105.0
8,ksbhanktxd411,64,128632.0,9530,1000,10000000,185.0
8,vkaigantnx412,64,488485.0,9530,1000,10000000,107.0
8,zfisjgspcl413,64,122699.0,9630,100,100000000,132.0
12,utdkdvpftx414,96,385469.0,9530,1000,10000000,136.0
6,vabwauzutp415,48,355977.0,9530,1000,10000000,120.0
10,rvtzpeivxc416,80,620731.0,15408,100,160000000,140.0
8,fozmsfwwvd417,64,488249.0,9630,100,100000000,88.0
12,hkrfghvadt418,96,698161.0,19260,100,200000000,113.0
8,pmqpaaalyr419,64,500967.0,17334,100,180000000,196.0
2,trtmvmkjjn420,16,47263.0,17334,100,180000000,683.0
2,exztdwnaag421,16,60303.0,17334,100,180000000,782.0
6,spjohfejux422,48,371073.0,19260,100,200000000,174.0
4,quwgyxxkgf423,32,264241.0,9630,100,100000000,148.0
12,qnhakmhndb424,96,386313.0,15408,100,160000000,228.0
8,ilfgpllmmk425,64,275233.0,9630,100,100000000,155.0
2,uwhaqehdwc426,16,44431.0,19260,100,200000000,770.0
8,kvuxfzdtur427,64,507773.0,11556,100,120000000,85.0
6,gptqyaqwls428,48,78673.0,19260,100,200000000,291.0
8,szbggtkvos429,64,242251.0,9630,100,100000000,169.0
10,nourvrrrvf430,80,327328.0,9530,1000,10000000,131.0
10,rddxotmeec431,80,140613.0,19260,100,200000000,235.0
6,yllgccvjcj432,48,347040.0,11556,100,120000000,145.0
4,ebzbsyeadc433,32,121871.0,13482,100,140000000,250.0
12,agezxnrdkh434,96,192512.0,13482,100,140000000,217.0
6,hwuwsnfqfd435,48,349596.0,19260,100,200000000,170.0
6,tzkvpuhroj436,48,189675.0,15408,100,160000000,198.0
8,ysiwvqimdf437,64,498468.0,19260,100,200000000,173.0
8,jbnwwmaivy438,64,113658.0,11556,100,120000000,237.0
4,hkqkqochsn439,32,57252.0,9630,100,100000000,185.0
6,vtydxsyxgs440,48,82310.0,9630,100,100000000,184.0
2,frymzosyyi441,16,131133.0,17334,100,180000000,316.0
2,hdiggxjlgg442,16,51415.0,11556,100,120000000,432.0
6,tmlxpgrgqg443,48,362298.0,9630,100,100000000,75.0
12,tladnpprmk444,96,403194.0,9530,1000,10000000,127.0
6,rodrkzyqdn445,48,357759.0,19260,100,200000000,189.0
6,htsphqgbvl446,48,174764.0,17334,100,180000000,293.0
2,bizhdfwtfs447,16,53957.0,19260,100,200000000,718.0
2,oevuftoolo448,16,51834.0,17334,100,180000000,637.0
2,hfsuirzdva449,16,57679.0,19260,100,200000000,354.0
6,sabeuyrhtk450,48,69562.0,9630,100,100000000,157.0
2,hecbgawmvo451,16,62004.0,17334,100,180000000,779.0
12,bzhkwmnhbc452,96,724957.0,19260,100,200000000,117.0
8,thwchjhxhc453,64,518483.0,11556,100,120000000,146.0
2,gjhexealig454,16,60626.0,13482,100,140000000,581.0
10,gojnftkarx455,80,334703.0,9530,1000,10000000,117.0
8,wnsftajbpv456,64,128640.0,19260,100,200000000,253.0
10,dxmozwneni457,80,609817.0,11556,100,120000000,72.0
12,lsmjowrsxg458,96,408571.0,17334,100,180000000,265.0
2,emoschbchz459,16,106838.0,17334,100,180000000,372.0
4,aspzohhjke460,32,268052.0,13482,100,140000000,142.0
4,sbfpohrgia461,32,256205.0,11556,100,120000000,171.0
4,kxlyitxrfe462,32,126757.0,11556,100,120000000,179.0
8,gedafvumtk463,64,116187.0,13482,100,140000000,268.0
12,gaymxukcws464,96,724614.0,13482,100,140000000,134.0
10,zoaymdqxak465,80,137944.0,9630,100,100000000,146.0
8,bhvpzrjihx466,64,101767.0,9630,100,100000000,165.0
10,dwxtsyoouo467,80,343594.0,11556,100,120000000,155.0
12,gdpxeyrrrg468,96,398064.0,19260,100,200000000,310.0
10,tqpkfcofua469,80,623228.0,13482,100,140000000,121.0
4,ufdukofwdm470,32,63162.0,11556,100,120000000,224.0
2,maageyuiek471,16,53395.0,13482,100,140000000,521.0
12,quqlujvsox472,96,716970.0,17334,100,180000000,200.0
2,xjtjdxtkva473,16,37581.0,9630,100,100000000,370.0
8,wgliluabrm474,64,243881.0,17334,100,180000000,507.0
2,mtdjkzjmts475,16,128961.0,19260,100,200000000,251.0
4,vmtgjnoftn476,32,61196.0,13482,100,140000000,244.0
2,trutlbemdu477,16,57357.0,15408,100,160000000,631.0
2,yyatjblrkf478,16,54517.0,19260,100,200000000,849.0
4,jolpdkhoqd479,32,44746.0,9630,100,100000000,160.0
6,kmgrpwwsmz480,48,356616.0,9630,100,100000000,87.0
12,cyrkoqqoru481,96,384982.0,13482,100,140000000,167.0
12,zqsgoarvif482,96,711852.0,15408,100,160000000,142.0
6,amkykxeufu483,48,190267.0,13482,100,140000000,161.0
8,esibcpkahr484,64,518693.0,13482,100,140000000,149.0
4,fcaelkuife485,32,133045.0,9630,100,100000000,221.0
12,dxucxgtlxa486,96,184989.0,13482,100,140000000,171.0
2,hqizorqoee487,16,33482.0,9630,100,100000000,385.0
2,megkyyupqx488,16,57161.0,15408,100,160000000,642.0
8,yupngwegie489,64,266373.0,19260,100,200000000,206.0
6,dcbsoxgffy490,48,346978.0,13482,100,140000000,117.0
10,xyieoackup491,80,326480.0,13482,100,140000000,222.0
2,xtdjyjwsgm492,16,54093.0,9630,100,100000000,366.0
8,larnrafswa493,64,241658.0,11556,100,120000000,171.0
10,tkolmgowsf494,80,167567.0,15408,100,160000000,210.0
12,hmtrarafrx495,96,204175.0,9530,1000,10000000,138.0
4,lejapuexjz496,32,265961.0,15408,100,160000000,166.0
10,dxzsvofdwu497,80,138057.0,13482,100,140000000,188.0
4,vumtixofis498,32,243069.0,11556,100,120000000,129.0
2,cykokpxjba499,16,112810.0,9530,1000,10000000,205.0
6,mwdbwiiygr500,48,66131.0,11556,100,120000000,167.0
10,tmvzxjbmwl501,80,147511.0,13482,100,140000000,182.0
6,doctgkdxcb502,48,65450.0,13482,100,140000000,231.0
10,awywmezbxk503,80,344999.0,17334,100,180000000,265.0
6,wvdetiipwu504,48,93847.0,11556,100,120000000,170.0
2,rjhjnjvfzd505,16,32475.0,11556,100,120000000,441.0
2,zqchppmkba506,16,61360.0,9530,1000,10000000,368.0
8,rijleaqxaj507,64,493600.0,9530,1000,10000000,86.0
8,kaxoafkfxi508,64,493488.0,13482,100,140000000,121.0
8,uijoaqvqtp509,64,264249.0,9530,1000,10000000,159.0
8,lqldcywdmu510,64,519233.0,15408,100,160000000,150.0
10,cnpxrmxndp511,80,139624.0,11556,100,120000000,171.0
6,bzjhvubapd512,48,65352.0,15408,100,160000000,235.0
8,fozrpzorzl513,64,113156.0,19260,100,200000000,246.0
8,cwlsmmklop514,64,241465.0,15408,100,160000000,207.0
2,allphswyqm515,16,121430.0,13482,100,140000000,251.0
12,pqsaydkrdo516,96,727057.0,19260,100,200000000,151.0
8,hmftgwdcje517,64,492863.0,19260,100,200000000,190.0
10,lktdigtqtd518,80,314745.0,19260,100,200000000,253.0
4,papgogsuzj519,32,42090.0,9630,100,100000000,374.0
12,mgqxjiwulv520,96,204067.0,13482,100,140000000,218.0
10,bjwsmbqvof521,80,596169.0,19260,100,200000000,171.0
10,yccrmvmqxk522,80,625525.0,9630,100,100000000,91.0
8,qvztcxqmab523,64,112915.0,17334,100,180000000,243.0
12,ndjmjywbpc524,96,713515.0,9630,100,100000000,99.0
4,naakqylzwf525,32,250871.0,11556,100,120000000,155.0
4,dotgtrxqzc526,32,273493.0,13482,100,140000000,204.0
2,wjrmykskxx527,16,63631.0,11556,100,120000000,465.0
12,eqsadckriv528,96,719221.0,17334,100,180000000,121.0
4,poyscpxtpl529,32,247060.0,17334,100,180000000,190.0
4,sagkpnebim530,32,275453.0,9530,1000,10000000,111.0
10,lrayaxmcps531,80,595201.0,19260,100,200000000,174.0
12,mmcsnvietj532,96,401388.0,17334,100,180000000,193.0
10,agrwzrwzww533,80,597090.0,15408,100,160000000,115.0
12,llgeiptqak534,96,728408.0,15408,100,160000000,120.0
4,nhdrtllgkg535,32,273793.0,9630,100,100000000,125.0
8,tjnegrurvd536,64,128434.0,9530,1000,10000000,196.0
10,ocssiqobvu537,80,321888.0,19260,100,200000000,262.0
10,oqwkosvhzs538,80,319324.0,17334,100,180000000,245.0
2,zbjbifomwd539,16,56496.0,13482,100,140000000,518.0
8,ytpyltlesi540,64,496516.0,9630,100,100000000,74.0
12,edvprwvcha541,96,395734.0,15408,100,160000000,206.0
10,aihpnufrqy542,80,136924.0,17334,100,180000000,191.0
4,uemlkynlal543,32,104841.0,9530,1000,10000000,196.0
2,hfrtbebbgg544,16,30721.0,17334,100,180000000,652.0
10,obdxudwfnt545,80,594335.0,11556,100,120000000,109.0
12,pfurgtywzr546,96,383570.0,19260,100,200000000,239.0
6,elrnwjgmvg547,48,79850.0,19260,100,200000000,300.0
12,muwqwkvrix548,96,400332.0,15408,100,160000000,199.0
12,nipmypxsfj549,96,407005.0,13482,100,140000000,151.0
6,bybkcodtmx550,48,175394.0,19260,100,200000000,306.0
8,ksyeytkfed551,64,255419.0,11556,100,120000000,145.0
6,ejjpdkdgoy552,48,368258.0,17334,100,180000000,154.0
12,fiiioiiqdv553,96,699868.0,17334,100,180000000,198.0
6,dgwfaqvpaq554,48,80713.0,15408,100,160000000,240.0
10,yhxernsrde555,80,323761.0,9630,100,100000000,149.0
12,kzsqrrolek556,96,414308.0,9530,1000,10000000,127.0
10,hbzwvuplrs557,80,137331.0,11556,100,120000000,183.0
8,yljvfubzsm558,64,114543.0,11556,100,120000000,208.0
2,mgzgcfkrgq559,16,44645.0,9630,100,100000000,365.0
8,wsgnigzcuz560,64,266159.0,15408,100,160000000,221.0
8,suxyaufvbg561,64,497556.0,15408,100,160000000,136.0
2,nnwxfbdjfe562,16,37160.0,17334,100,180000000,718.0
2,xmqetgblsy563,16,110495.0,17334,100,180000000,373.0
6,tupanvgyzk564,48,81628.0,13482,100,140000000,219.0
2,toqcvryyzo565,16,63354.0,11556,100,120000000,462.0
8,titawqjeuo566,64,268558.0,19260,100,200000000,218.0
2,nqnyagfyju567,16,39722.0,11556,100,120000000,455.0
8,vuppmmmoxx568,64,260192.0,19260,100,200000000,334.0
2,nszefigcbc569,16,54156.0,15408,100,160000000,631.0
2,pcadukzdvx570,16,57928.0,11556,100,120000000,467.0
12,egvzovortm571,96,712560.0,11556,100,120000000,100.0
4,ncaawxgkxq572,32,254597.0,9630,100,100000000,123.0
6,wwwlabuung573,48,197344.0,11556,100,120000000,179.0
2,fqcfgunctk574,16,45153.0,15408,100,160000000,573.0
8,vkbgmqslku575,64,108903.0,11556,100,120000000,178.0
8,vmpqfoxupq576,64,116116.0,9530,1000,10000000,127.0
4,tmazheifpj577,32,133092.0,17334,100,180000000,373.0
6,ljgwibmslv578,48,175404.0,11556,100,120000000,178.0
2,rviknjqaps579,16,46231.0,9630,100,100000000,358.0
10,qajihdaqaa580,80,333169.0,9630,100,100000000,132.0
4,oshcycqkws581,32,117163.0,13482,100,140000000,236.0
10,jlmutnuasw582,80,598748.0,19260,100,200000000,156.0
10,xrxqgvsxfo583,80,591665.0,11556,100,120000000,108.0
8,lmgdnfblyl584,64,265135.0,17334,100,180000000,236.0
4,einaccmxvq585,32,262318.0,9630,100,100000000,147.0
12,hcdgisqumb586,96,697173.0,9630,100,100000000,91.0
8,nipyrffaze587,64,496779.0,9630,100,100000000,90.0
4,lszmvgjffl588,32,267579.0,9530,1000,10000000,85.0
2,ajfenothsz589,16,122275.0,19260,100,200000000,366.0
6,ifwwiydolt590,48,84237.0,17334,100,180000000,246.0
2,jnjqksoesb591,16,35483.0,19260,100,200000000,372.0
4,hvrdxebwvt592,32,124991.0,13482,100,140000000,244.0
10,dgcpvhuayc593,80,327347.0,15408,100,160000000,224.0
8,gwuijlnjyu594,64,510104.0,17334,100,180000000,161.0
2,nwnumvfmoj595,16,56679.0,19260,100,200000000,836.0
6,hftevgdcvg596,48,73256.0,9530,1000,10000000,170.0
4,teqrgnlofz597,32,56746.0,9630,100,100000000,189.0
12,nvfkjiezwo598,96,390831.0,13482,100,140000000,152.0
2,roktzqelww599,16,64539.0,17334,100,180000000,736.0
12,bluqqaqfkl600,96,701141.0,19260,100,200000000,112.0
8,vedqwazarn601,64,271619.0,11556,100,120000000,167.0
6,tvxkeyxbhk602,48,66523.0,17334,100,180000000,261.0
10,kbwshjmjot603,80,600606.0,9630,100,100000000,90.0
8,hfizmvrfoa604,64,259066.0,19260,100,200000000,208.0
4,fygmlurspe605,32,120615.0,11556,100,120000000,161.0
8,qhiljkmewv606,64,254508.0,17334,100,180000000,170.0
12,ljymrxuxpd607,96,700481.0,19260,100,200000000,121.0
10,plakpzpbqy608,80,144167.0,15408,100,160000000,202.0
8,eaxhwcfqth609,64,250547.0,9530,1000,10000000,177.0
6,ocdkymwpkw610,48,91608.0,9630,100,100000000,175.0
4,oxqjbribri611,32,132098.0,11556,100,120000000,188.0
2,vwmsocikzg612,16,50899.0,17334,100,180000000,666.0
12,vqhvwysair613,96,698144.0,17334,100,180000000,132.0
8,cwjdnkmvat614,64,514108.0,15408,100,160000000,115.0
4,icytkunmfe615,32,40727.0,9530,1000,10000000,163.0
10,juicxsyjks616,80,147230.0,17334,100,180000000,212.0
6,fkpriprqaj617,48,83710.0,17334,100,180000000,258.0
4,aoxwdoaanv618,32,108942.0,11556,100,120000000,189.0
2,wkvxtbjdqi619,16,62291.0,19260,100,200000000,832.0
6,dwvpyxamax620,48,70841.0,11556,100,120000000,153.0
2,bhwveuvtzj621,16,114761.0,11556,100,120000000,265.0
10,zwqjqulkgj622,80,145468.0,15408,100,160000000,223.0
12,wqufmknhnm623,96,188646.0,17334,100,180000000,301.0
2,jfcqsegqxi624,16,50147.0,17334,100,180000000,726.0
4,wgtxfxbbdr625,32,52013.0,19260,100,200000000,377.0
4,uoglvlsrbl626,32,48651.0,15408,100,160000000,287.0
6,wnxlxwvdow627,48,79519.0,17334,100,180000000,238.0
8,yynghnohvu628,64,122474.0,11556,100,120000000,167.0
4,hypvztfqju629,32,254760.0,9630,100,100000000,143.0
8,hblzdhuvqm630,64,513627.0,9530,1000,10000000,104.0
12,vgxjgkqyjs631,96,408665.0,9630,100,100000000,150.0
10,iphbltifba632,80,321058.0,11556,100,120000000,187.0
12,nedrbvkgju633,96,183450.0,15408,100,160000000,218.0
6,mfxwaafcyz634,48,192471.0,17334,100,180000000,291.0
2,hryoruflbm635,16,35513.0,15408,100,160000000,617.0
10,fufbmflqok636,80,616066.0,17334,100,180000000,119.0
10,ecadsozmof637,80,148688.0,9630,100,100000000,148.0
6,mqghtjviza638,48,366646.0,15408,100,160000000,219.0
8,wlgvzymbcw639,64,105098.0,17334,100,180000000,254.0
2,knnwlnnbvf640,16,123656.0,15408,100,160000000,327.0
2,egszciicpl641,16,42427.0,13482,100,140000000,494.0
2,zzzgpxohnx642,16,46591.0,19260,100,200000000,732.0
4,mkezwobyjx643,32,44570.0,9530,1000,10000000,187.0
6,hgztkxzgig644,48,81833.0,9630,100,100000000,174.0
10,iudikjorjr645,80,615984.0,17334,100,180000000,120.0
2,keagydntml646,16,111370.0,11556,100,120000000,248.0
12,fddcrbwbtl647,96,403887.0,15408,100,160000000,201.0
2,cyxmeyhuuw648,16,32114.0,19260,100,200000000,386.0
8,xlumobdhlf649,64,110736.0,9630,100,100000000,145.0
4,myrvpvwdbq650,32,56157.0,11556,100,120000000,213.0
2,mxawegsztq651,16,102039.0,15408,100,160000000,199.0
10,rnmkrvwciy652,80,613402.0,15408,100,160000000,113.0
10,coiumssxhk653,80,592497.0,13482,100,140000000,117.0
2,cvmglwhnzb654,16,46551.0,19260,100,200000000,367.0
12,jyvxxxolhb655,96,728088.0,9530,1000,10000000,99.0
6,vqswpiemtp656,48,65455.0,9530,1000,10000000,160.0
8,wsjaaxrbkk657,64,118692.0,9630,100,100000000,139.0
10,dcbjwkqudo658,80,137633.0,13482,100,140000000,186.0
2,lendvpsojh659,16,60436.0,17334,100,180000000,737.0
10,scnjemopmu660,80,159389.0,11556,100,120000000,168.0
2,zkswulvoks661,16,56043.0,9530,1000,10000000,376.0
8,chqsnbtuad662,64,509782.0,13482,100,140000000,151.0
6,weqqdfkuog663,48,346125.0,11556,100,120000000,147.0
4,mbdielricd664,32,101645.0,11556,100,120000000,165.0
6,btdnhtqfwu665,48,367693.0,17334,100,180000000,179.0
4,nsgfrgjhmy666,32,65089.0,13482,100,140000000,237.0
12,iasqvlyykf667,96,727547.0,17334,100,180000000,174.0
8,sdylzmjdxt668,64,124759.0,13482,100,140000000,245.0
8,qcgrplkvvq669,64,125721.0,9530,1000,10000000,208.0
8,ixhqvafpld670,64,248557.0,9630,100,100000000,169.0
8,cablwtigvi671,64,512682.0,17334,100,180000000,178.0
4,yzcahplrmv672,32,110306.0,13482,100,140000000,225.0
8,rncqieuexf673,64,490002.0,9630,100,100000000,91.0
4,smckuplnzk674,32,46177.0,9530,1000,10000000,316.0
10,xolvkbdtze675,80,146890.0,17334,100,180000000,221.0
6,rbeiddpuir676,48,71006.0,15408,100,160000000,261.0
12,bsdzvytunw677,96,185202.0,15408,100,160000000,229.0
12,qozndzrmon678,96,201892.0,9530,1000,10000000,127.0
12,zfmiozqacj679,96,185678.0,9630,100,100000000,170.0
6,lwbpujwjtx680,48,80800.0,9630,100,100000000,173.0
6,zxuyuzsgtd681,48,195280.0,9630,100,100000000,187.0
8,qbfnlllfks682,64,504698.0,9530,1000,10000000,100.0
10,cxqanqwbak683,80,139836.0,19260,100,200000000,232.0
10,jzizcowvcw684,80,167255.0,9530,1000,10000000,120.0
4,ipqdnczhkh685,32,256189.0,19260,100,200000000,225.0
10,qhbznnajmt686,80,338506.0,19260,100,200000000,254.0
8,dzhvbrwckf687,64,254250.0,15408,100,160000000,226.0
2,cllfkuenau688,16,58320.0,15408,100,160000000,604.0
10,qtwevdmans689,80,605273.0,17334,100,180000000,120.0
2,lawslsrqls690,16,37728.0,9630,100,100000000,350.0
12,vdbnykltty691,96,703786.0,9630,100,100000000,112.0
6,sdngpcddug692,48,378895.0,15408,100,160000000,197.0
10,qnplbsknyq693,80,155887.0,11556,100,120000000,177.0
10,ucrktfjepx694,80,593348.0,19260,100,200000000,211.0
12,mmciucrici695,96,184031.0,9530,1000,10000000,166.0
12,oznjweerea696,96,389214.0,9630,100,100000000,133.0
12,webluwesmh697,96,699871.0,9530,1000,10000000,75.0
8,cmpycbrqdo698,64,247155.0,15408,100,160000000,230.0
2,krvkpqihkp699,16,102200.0,15408,100,160000000,330.0
8,yrwqywmkgv700,64,262996.0,15408,100,160000000,152.0
12,zxagpuqtqt701,96,702985.0,13482,100,140000000,128.0
10,hofbadflhq702,80,613038.0,11556,100,120000000,102.0
12,ctrbplxmtp703,96,718399.0,19260,100,200000000,124.0
12,bulwvoegnb704,96,721643.0,15408,100,160000000,141.0
10,heeugzkuju705,80,153275.0,9630,100,100000000,142.0
12,vjgihwsqpg706,96,706883.0,17334,100,180000000,121.0
10,junhxwlxlw707,80,622399.0,11556,100,120000000,110.0
8,krswbfsqke708,64,498693.0,11556,100,120000000,73.0
2,mlcbnqfadt709,16,46086.0,9630,100,100000000,384.0
12,slffaimdff710,96,192579.0,9530,1000,10000000,132.0
10,isykkltcuz711,80,328916.0,15408,100,160000000,197.0
6,jfdfodlgsp712,48,203972.0,17334,100,180000000,281.0
6,wkmqdnakea713,48,203911.0,11556,100,120000000,175.0
6,msvplilaph714,48,378535.0,11556,100,120000000,123.0
10,vosnqohtgt715,80,624386.0,13482,100,140000000,145.0
8,tzfzweygeb716,64,506692.0,17334,100,180000000,160.0
8,jmqeeawmsd717,64,257806.0,13482,100,140000000,206.0
12,onnvgjtjqv718,96,405715.0,13482,100,140000000,172.0
8,dnxoxhzzgz719,64,248161.0,17334,100,180000000,284.0
10,pgaedwidkf720,80,320132.0,17334,100,180000000,264.0
2,mujdlszpor721,16,31538.0,11556,100,120000000,440.0
4,lxantxytqi722,32,246316.0,9530,1000,10000000,76.0
2,inuxrxbseh723,16,30136.0,9630,100,100000000,356.0
10,jcdextisxl724,80,333777.0,11556,100,120000000,176.0
2,chushtyyqk725,16,34928.0,9530,1000,10000000,372.0
6,wqadhpakil726,48,92712.0,15408,100,160000000,233.0
2,jpfmukazju727,16,53886.0,17334,100,180000000,747.0
6,mkhlfgjkmz728,48,204471.0,19260,100,200000000,250.0
12,eyelqelffi729,96,184318.0,9530,1000,10000000,164.0
2,owyzllewjp730,16,132541.0,11556,100,120000000,220.0
6,uhafpvxszv731,48,81025.0,9630,100,100000000,152.0
12,wjwjrqvlsx732,96,182317.0,9630,100,100000000,169.0
12,bvkrpqyeuu733,96,173992.0,9630,100,100000000,138.0
10,udgltmucyl734,80,341787.0,11556,100,120000000,190.0
10,bfcyjiykzn735,80,338697.0,19260,100,200000000,261.0
12,kqxzincswm736,96,392335.0,9630,100,100000000,147.0
10,vzrfpzoyte737,80,326797.0,15408,100,160000000,196.0
12,haahlkyyjl738,96,181813.0,9530,1000,10000000,129.0
10,ublfndaaem739,80,136312.0,9630,100,100000000,113.0
4,eebbzywlxl740,32,242157.0,9530,1000,10000000,83.0
2,viwdoluxpc741,16,42942.0,15408,100,160000000,643.0
10,sjxwryzhwk742,80,598957.0,9630,100,100000000,86.0
10,xgeuqnraho743,80,153710.0,9630,100,100000000,127.0
4,bcnnqhwtzx744,32,36591.0,11556,100,120000000,223.0
4,glrxuhaook745,32,247677.0,11556,100,120000000,119.0
2,gtddffhirm746,16,123811.0,17334,100,180000000,383.0
8,qefltawqjq747,64,126020.0,13482,100,140000000,252.0
2,ngwcbpvbbb748,16,40959.0,15408,100,160000000,641.0
4,kbosznxqhc749,32,60186.0,11556,100,120000000,213.0
4,kkccelipqu750,32,109138.0,11556,100,120000000,158.0
2,jfdzfsfrps751,16,112272.0,15408,100,160000000,211.0
2,gqzvdroifg752,16,55008.0,11556,100,120000000,430.0
6,bgvzukfgyb753,48,171962.0,15408,100,160000000,225.0
6,qknecdqpji754,48,97890.0,9530,1000,10000000,125.0
2,qdtmgtwcaj755,16,32539.0,9630,100,100000000,364.0
6,rvhrluyslp756,48,81279.0,9630,100,100000000,191.0
6,xpwtgtbpuv757,48,371334.0,9630,100,100000000,96.0
6,pnkhcnppxg758,48,347566.0,15408,100,160000000,128.0
8,drgsypeghb759,64,514696.0,19260,100,200000000,183.0
2,veemlpulwd760,16,64359.0,9530,1000,10000000,353.0
10,xmdrwcfsyv761,80,326964.0,9530,1000,10000000,174.0
8,dhemurasyd762,64,244746.0,13482,100,140000000,172.0
6,gxysqzeqjq763,48,348760.0,17334,100,180000000,186.0
2,buonwsnmuo764,16,33465.0,9530,1000,10000000,373.0
2,thrvayghio765,16,56867.0,13482,100,140000000,528.0
2,wnnpcpzihn766,16,44532.0,17334,100,180000000,768.0
12,unhnadodnn767,96,413265.0,13482,100,140000000,182.0
2,jxinpqfgnv768,16,45466.0,15408,100,160000000,642.0
6,zcmhgljkhl769,48,173108.0,19260,100,200000000,293.0
8,ypddgzjoht770,64,255585.0,17334,100,180000000,259.0
8,bohfqjwlgx771,64,512794.0,13482,100,140000000,151.0
10,roidtrssmv772,80,339910.0,9530,1000,10000000,139.0
8,ofkekzyhzh773,64,101581.0,9530,1000,10000000,150.0
2,omrdwndbuw774,16,36332.0,11556,100,120000000,445.0
12,soycllmosc775,96,187599.0,11556,100,120000000,176.0
12,qbsarporks776,96,385496.0,11556,100,120000000,181.0
8,nkqmkeikew777,64,516875.0,19260,100,200000000,165.0
2,wxuolqwalm778,16,133000.0,13482,100,140000000,281.0
4,bigdnkzswk779,32,41218.0,17334,100,180000000,349.0
8,kzxlzodgde780,64,115463.0,9630,100,100000000,126.0
8,qqdzskhjpk781,64,119753.0,11556,100,120000000,191.0
2,wemofnqxpv782,16,110221.0,15408,100,160000000,344.0
6,rnskrkrkbe783,48,189392.0,19260,100,200000000,279.0
8,bxxkxwcdyj784,64,247662.0,13482,100,140000000,145.0
12,cajrxafrdo785,96,180812.0,9530,1000,10000000,151.0
8,uucsloqipz786,64,256107.0,11556,100,120000000,162.0
4,hrsximvuvz787,32,261824.0,9530,1000,10000000,98.0
4,vdwnqlxcuc788,32,259419.0,15408,100,160000000,182.0
12,zvvhcpqqnd789,96,706061.0,15408,100,160000000,115.0
8,bjqzykkoya790,64,248736.0,19260,100,200000000,224.0
10,nhmvnbxfsp791,80,139467.0,9630,100,100000000,124.0
6,zdhvlbiemy792,48,92601.0,13482,100,140000000,219.0
10,kuaolijsod793,80,595071.0,13482,100,140000000,149.0
2,ckiyjafezk794,16,55724.0,17334,100,180000000,669.0
2,cbjoapjxan795,16,38732.0,11556,100,120000000,454.0
4,qdgvlnqzor796,32,250588.0,15408,100,160000000,163.0
12,efbcbbeecf797,96,406837.0,9630,100,100000000,116.0
12,fdoykuitwk798,96,404153.0,9530,1000,10000000,140.0
8,qwyphiamfw799,64,512341.0,19260,100,200000000,190.0
12,qwkjchzmls800,96,714986.0,11556,100,120000000,92.0
8,lmtvwlyyhw801,64,270754.0,19260,100,200000000,205.0
10,kmvebklcic802,80,139575.0,11556,100,120000000,169.0
10,mblezvvghz803,80,614246.0,19260,100,200000000,168.0
6,dutxkvazce804,48,69250.0,19260,100,200000000,292.0
10,suoowftnsb805,80,336679.0,17334,100,180000000,247.0
8,pfkvqewnhk806,64,253198.0,19260,100,200000000,591.0
12,lqadxmrasx807,96,404688.0,11556,100,120000000,190.0
2,ynrzywpqiu808,16,124892.0,19260,100,200000000,389.0
4,pwblbkdlkh809,32,123387.0,15408,100,160000000,277.0
6,foyukfpdpa810,48,178177.0,13482,100,140000000,161.0
10,pgwwndiuef811,80,339996.0,13482,100,140000000,208.0
6,nrrnpolreq812,48,354329.0,17334,100,180000000,179.0
4,vselmpkolt813,32,48187.0,9630,100,100000000,351.0
6,dfdiovoiye814,48,369580.0,11556,100,120000000,145.0
12,juxszqnshy815,96,705099.0,19260,100,200000000,137.0
4,cusjhshexp816,32,262661.0,9630,100,100000000,122.0
6,lhbnxwvvip817,48,355968.0,19260,100,200000000,186.0
10,ubunnfrkyk818,80,316816.0,19260,100,200000000,257.0
8,krykioatre819,64,128622.0,9630,100,100000000,204.0
10,uiwgqgqygn820,80,330215.0,9530,1000,10000000,173.0
12,huqdwxscxf821,96,708409.0,9630,100,100000000,111.0
10,tftlwwzifw822,80,155849.0,13482,100,140000000,153.0
6,gopyfbvsgt823,48,346788.0,9630,100,100000000,100.0
10,jmulykypan824,80,596157.0,11556,100,120000000,145.0
2,phucdcckif825,16,43885.0,11556,100,120000000,457.0
12,txcvxiqmwn826,96,415249.0,9530,1000,10000000,117.0
2,krfomdjqll827,16,47918.0,9630,100,100000000,374.0
6,xnmriurezr828,48,67784.0,19260,100,200000000,302.0
10,vkkdbjogoh829,80,337653.0,9530,1000,10000000,128.0
10,wzfhmbuhfe830,80,162729.0,15408,100,160000000,214.0
12,kclzpmshcj831,96,724096.0,13482,100,140000000,122.0
6,gnfwvvtqll832,48,85089.0,17334,100,180000000,243.0
12,zhcsjjwskn833,96,194819.0,17334,100,180000000,223.0
8,slouurxjnw834,64,248092.0,19260,100,200000000,290.0
4,xockdxoxqf835,32,125913.0,9630,100,100000000,169.0
2,odlhsgpdzf836,16,128848.0,19260,100,200000000,394.0
4,wqwlbgjzdx837,32,267275.0,9530,1000,10000000,87.0
8,fagchxrxqa838,64,253007.0,17334,100,180000000,172.0
4,ehgisygapt839,32,50745.0,13482,100,140000000,240.0
12,okdztmyups840,96,403078.0,13482,100,140000000,183.0
12,ojwmfbenot841,96,412618.0,9530,1000,10000000,127.0
10,iekluxlrbf842,80,139091.0,9530,1000,10000000,121.0
6,ejospuouut843,48,94371.0,17334,100,180000000,283.0
4,fwwcvrcqsj844,32,48478.0,9630,100,100000000,184.0
4,gdbhsttggo845,32,112787.0,19260,100,200000000,386.0
6,xyaedcrvuo846,48,81092.0,17334,100,180000000,269.0
8,jvaajldtve847,64,241044.0,11556,100,120000000,152.0
6,iqigpuewvn848,48,178125.0,11556,100,120000000,181.0
12,tywhlwplor849,96,193312.0,11556,100,120000000,212.0
2,jadrcekqsv850,16,53196.0,9530,1000,10000000,355.0
8,tgyvjrxixu851,64,117564.0,19260,100,200000000,241.0
12,vkjofozgvo852,96,730362.0,9530,1000,10000000,83.0
12,eskxgaqbrf853,96,187280.0,15408,100,160000000,247.0
2,ftoihpwyde854,16,41019.0,11556,100,120000000,448.0
4,ethqcsezsb855,32,129957.0,13482,100,140000000,268.0
10,eilzhpvarn856,80,319896.0,9630,100,100000000,114.0
12,eifaitcgpq857,96,402211.0,13482,100,140000000,180.0
10,qjutwkgqln858,80,616290.0,17334,100,180000000,146.0
10,pqdqcwrlqn859,80,164142.0,11556,100,120000000,166.0
2,rkhxrpwbzl860,16,57566.0,13482,100,140000000,479.0
2,cbiuvresxw861,16,43482.0,11556,100,120000000,438.0
12,cadtdlgtsy862,96,172477.0,9530,1000,10000000,163.0
4,kbrtpdsvth863,32,241944.0,13482,100,140000000,157.0
10,hhlgdrobbh864,80,336299.0,13482,100,140000000,213.0
2,uwwqbjhllp865,16,63755.0,17334,100,180000000,638.0
8,fcgiytiptk866,64,498345.0,11556,100,120000000,113.0
12,zrakjaijlt867,96,712386.0,13482,100,140000000,121.0
4,hqorchymqx868,32,55476.0,9630,100,100000000,382.0
6,vlknevocke869,48,88190.0,9630,100,100000000,168.0
4,wiihktufmz870,32,109330.0,17334,100,180000000,385.0
4,rmvjvatdsz871,32,264173.0,9630,100,100000000,149.0
12,tjbhqdbwbx872,96,391702.0,17334,100,180000000,201.0
10,ejixvxkvcc873,80,323308.0,11556,100,120000000,174.0
6,nrcukmzrsl874,48,364837.0,15408,100,160000000,186.0
4,fovvnrdjey875,32,55704.0,9630,100,100000000,174.0
10,xzhagbtqoe876,80,140608.0,11556,100,120000000,158.0
4,aiwfakvznd877,32,30772.0,9630,100,100000000,161.0
2,ydasxuwmkh878,16,122237.0,19260,100,200000000,429.0
12,tllbrvwgfz879,96,171262.0,19260,100,200000000,243.0
4,tvlnuolxoi880,32,101778.0,19260,100,200000000,265.0
8,frjursubqp881,64,494225.0,19260,100,200000000,183.0
10,itxrbsqxdr882,80,333751.0,13482,100,140000000,221.0
4,yrxhxomjum883,32,32336.0,15408,100,160000000,299.0
2,qgquotbprt884,16,102390.0,13482,100,140000000,302.0
8,nricyxdmsh885,64,274720.0,9630,100,100000000,185.0
2,xudygpfqni886,16,115035.0,15408,100,160000000,273.0
6,anznvdqlno887,48,96424.0,17334,100,180000000,237.0
10,dxyexzsvnb888,80,599200.0,9530,1000,10000000,132.0
2,cpxmwnovoa889,16,45276.0,9630,100,100000000,358.0
10,sihgzkcxjt890,80,604167.0,19260,100,200000000,173.0
4,lhjoxpjdua891,32,246810.0,17334,100,180000000,171.0
6,ypckhaypml892,48,357441.0,19260,100,200000000,156.0
6,hsqnerdxkg893,48,99737.0,13482,100,140000000,195.0
10,sluohfwmvv894,80,337031.0,13482,100,140000000,192.0
6,sbugxsquur895,48,78532.0,13482,100,140000000,224.0
2,xeupilfpcv896,16,114566.0,19260,100,200000000,353.0
4,tlarryzobv897,32,109457.0,13482,100,140000000,229.0
12,ktqgqicmcq898,96,189050.0,9630,100,100000000,190.0
10,fvghjzqont899,80,161121.0,13482,100,140000000,181.0
4,sopjqutihn900,32,54101.0,15408,100,160000000,288.0
6,ncmkxbhrnu901,48,186639.0,11556,100,120000000,162.0
6,nlubxosdpk902,48,347372.0,13482,100,140000000,128.0
8,xuodpjrslz903,64,518645.0,9630,100,100000000,86.0
2,majlbijreh904,16,114554.0,17334,100,180000000,366.0
2,illprmxftu905,16,43699.0,11556,100,120000000,458.0
12,tfboicqtyv906,96,381109.0,9530,1000,10000000,147.0
8,pqjgabltgb907,64,245452.0,11556,100,120000000,158.0
12,gazvunbbgs908,96,727397.0,13482,100,140000000,121.0
12,pzsbcgbkpe909,96,714939.0,13482,100,140000000,120.0
2,dldlsmvjsp910,16,55708.0,9530,1000,10000000,352.0
6,oofoqhrakg911,48,351101.0,9630,100,100000000,106.0
2,wbcmwmoems912,16,41585.0,19260,100,200000000,727.0
12,wmakjwezgq913,96,726389.0,13482,100,140000000,114.0
2,usmsehmlfc914,16,58805.0,9530,1000,10000000,368.0
8,fwibrlkkid915,64,108862.0,9630,100,100000000,209.0
10,urmjxdxlqa916,80,136071.0,11556,100,120000000,182.0
12,qqpmvfxgcb917,96,409307.0,13482,100,140000000,182.0
4,wyodimvatu918,32,106126.0,11556,100,120000000,236.0
10,anasxrzrfi919,80,619248.0,19260,100,200000000,176.0
10,cghbqwjftw920,80,334796.0,17334,100,180000000,251.0
4,csfhsjqbzf921,32,106108.0,11556,100,120000000,192.0
4,ywnzecuial922,32,32755.0,9630,100,100000000,157.0
2,rjhvplbffv923,16,132760.0,17334,100,180000000,376.0
6,prgzgkiwce924,48,191386.0,17334,100,180000000,206.0
2,scbssmcuup925,16,51780.0,9530,1000,10000000,348.0
12,yxjtuixeld926,96,397059.0,19260,100,200000000,251.0
10,jkyjsrduyj927,80,596867.0,11556,100,120000000,99.0
4,gdwzzfrgwl928,32,121329.0,15408,100,160000000,276.0
4,wkppyzjxfx929,32,249462.0,13482,100,140000000,131.0
2,nmmqmioius930,16,128487.0,19260,100,200000000,379.0
6,kgskzcxczw931,48,371618.0,9530,1000,10000000,105.0
8,ghpcdmqubl932,64,101157.0,13482,100,140000000,159.0
12,rzhtgkwulm933,96,729628.0,13482,100,140000000,127.0
6,mampooropd934,48,66375.0,9630,100,100000000,170.0
6,rybofdfqzy935,48,173546.0,19260,100,200000000,328.0
4,hqkwjsholb936,32,40275.0,9530,1000,10000000,170.0
8,ilpnocgpni937,64,491593.0,15408,100,160000000,123.0
4,jkaohhvovv938,32,108489.0,9530,1000,10000000,184.0
8,vvihurmqpk939,64,253089.0,19260,100,200000000,307.0
6,hldmfkgpyd940,48,371716.0,15408,100,160000000,126.0
8,ttqliyqmlt941,64,114405.0,9530,1000,10000000,137.0
8,ouifktwdhk942,64,495771.0,9530,1000,10000000,87.0
8,rdqfdcqeye943,64,117480.0,19260,100,200000000,254.0
6,uruypmsmeb944,48,184180.0,9530,1000,10000000,179.0
12,dmajocopwi945,96,391908.0,11556,100,120000000,171.0
10,vfkbfkdhet946,80,342409.0,19260,100,200000000,258.0
4,cpqxxthwsv947,32,119521.0,9630,100,100000000,181.0
4,ffwbexsweo948,32,134504.0,17334,100,180000000,264.0
6,mlhmxosojh949,48,197529.0,17334,100,180000000,278.0
10,mnyrdooyqr950,80,611625.0,15408,100,160000000,120.0
2,aezfgtkelr951,16,39212.0,17334,100,180000000,688.0
6,mxayjkxvyc952,48,370008.0,15408,100,160000000,132.0
12,mubflrtlsx953,96,186403.0,11556,100,120000000,183.0
10,sfpifecswe954,80,616921.0,13482,100,140000000,132.0
8,ucntcmrpzb955,64,500473.0,19260,100,200000000,187.0
4,jlgtosfapc956,32,258010.0,11556,100,120000000,182.0
8,mfddkdebzh957,64,241326.0,19260,100,200000000,211.0
6,ajllrtlwye958,48,196373.0,19260,100,200000000,343.0
4,ltoexofscb959,32,31203.0,9630,100,100000000,369.0
10,fpkgslzant960,80,615493.0,17334,100,180000000,125.0
12,pkjhidtvxj961,96,190828.0,13482,100,140000000,208.0
10,ltdneriwee962,80,618835.0,13482,100,140000000,130.0
6,erxzvzfjmw963,48,356071.0,9530,1000,10000000,177.0
8,zlahluatuf964,64,264682.0,17334,100,180000000,153.0
10,dfmcguvuny965,80,598869.0,19260,100,200000000,180.0
4,mneawehycr966,32,259177.0,9530,1000,10000000,190.0
10,bdauiogwfe967,80,322744.0,17334,100,180000000,249.0
12,tthpzbpvlo968,96,731244.0,9530,1000,10000000,75.0
2,snbisamvie969,16,134313.0,17334,100,180000000,358.0
6,qgzmnyzxjh970,48,72435.0,15408,100,160000000,235.0
4,ewspjesdws971,32,260468.0,9530,1000,10000000,122.0
2,mrkgftqsco972,16,41563.0,13482,100,140000000,501.0
12,qzbdwvahoz973,96,414996.0,17334,100,180000000,191.0
2,kjqwaobhff974,16,62451.0,19260,100,200000000,861.0
10,pdsncpmxkt975,80,612174.0,17334,100,180000000,149.0
2,pgdkjxdndj976,16,125475.0,13482,100,140000000,198.0
4,scsfdnaxwp977,32,53914.0,9630,100,100000000,158.0
4,wlnslyafzf978,32,112603.0,9630,100,100000000,190.0
8,hflpqdjhcy979,64,272764.0,13482,100,140000000,205.0
10,jlriyvucut980,80,342371.0,19260,100,200000000,462.0
6,ocomedcxte981,48,182006.0,19260,100,200000000,271.0
12,vbprccwewm982,96,196634.0,19260,100,200000000,270.0
10,qacabjhxhl983,80,311119.0,15408,100,160000000,192.0
2,wdyjvoxlxy984,16,58654.0,11556,100,120000000,453.0
12,gueoaktaev985,96,190227.0,13482,100,140000000,188.0
2,yqhrqqmryt986,16,133626.0,17334,100,180000000,383.0
4,dnxzbrscuq987,32,42748.0,15408,100,160000000,323.0
12,veejslkcim988,96,402963.0,9530,1000,10000000,144.0
8,zgkntzexaq989,64,251937.0,19260,100,200000000,286.0
10,bkqqissnhm990,80,619076.0,9530,1000,10000000,92.0
4,fduwkscykq991,32,261685.0,9630,100,100000000,166.0
6,olpzumitjz992,48,380560.0,11556,100,120000000,126.0
6,stcexwjjmj993,48,170436.0,11556,100,120000000,214.0
6,hbssdvhibv994,48,70041.0,17334,100,180000000,262.0
8,fjawqscext995,64,487830.0,15408,100,160000000,139.0
12,xcpurhcnem996,96,174817.0,17334,100,180000000,222.0
2,pocrxtqjff997,16,62621.0,13482,100,140000000,470.0
8,xtyzkykidq998,64,133496.0,9530,1000,10000000,133.0
12,vmlgzeiywk999,96,397862.0,17334,100,180000000,245.0
